	[
	  {
	    "timestamp": "2025-12-26 10:15:30",
	    "image_name": "cert_sample_01.jpg",
	    "status": "success",
	    "error": null,
	    "data": {
	      "student_college": "计算机科学与技术学院",
	      "competition_project": "全国大学生数学建模竞赛",
	      "student_id": "20230001001",
	      "student_name": "张三",
	      "award_category": "国家级",
	      "award_level": "一等奖",
	      "competition_type": "A类",
	      "organizer": "中国工业与应用数学学会",
	      "award_time": "2024-11-20",
	      "tutor_name": "李教授"
	    }
	  },
	  {
	    "timestamp": "2025-12-26 10:20:45",
	    "image_name": "cert_scan_blur.png",
	    "status": "failed",
	    "error": "无法解析JSON内容",
	    "data": null
	  },
	  {
	    "timestamp": "2025-12-26 10:25:12",
	    "image_name": "cert_partial_info.pdf",
	    "status": "success",
	    "error": null,
	    "warning": "以下字段识别为空: organizer, award_time",
	    "data": {
	      "student_college": "机械工程学院",
	      "competition_project": "挑战杯",
	      "student_id": "20230002005",
	      "student_name": "王五",
	      "award_category": "省级",
	      "award_level": "银奖",
	      "competition_type": "B类",
	      "organizer": "",
	      "award_time": "",
	      "tutor_name": "赵老师"
	    }
	  }
	]